{
	"cam": {
		"orbit_pos": [
			8228.54296875,
			8241.859375,
			0.0
		],
		"zoom_target": -6.75,
		"rot_aer": [
			-0.855212926864624,
			-0.2967051863670349,
			0.0
		],
		"vfov": 0.8726646304130554,
		"clip_near": 0.25,
		"clip_far": 10000.0
	},
	"assets": {
		"buildings": [
			{
				"name": "house",
				"size": [
					16.0,
					16.0,
					16.0
				]
			},
			{
				"name": "urban_mixed_use",
				"size": [
					16.0,
					16.0,
					16.0
				]
			}
		]
	}
}