{
	"cam": {
		"orbit_pos": [
			995.6256713867188,
			407.2659912109375,
			0.0
		],
		"zoom_target": -5.25,
		"rot_aer": [
			-2.303168296813965,
			-0.3518335223197937,
			0.0
		],
		"vfov": 0.992353618144989,
		"clip_near": 0.25,
		"clip_far": 10000.0
	},
	"assets": {
		"props": {
			"Streetlight1": {
				"mesh_filename": "props/Streetlight1.fbx",
				"tex_filename": "props/traffic_light",
				"lights": [
					{
						"pos": [
							3.0,
							0.0,
							7.300000190734863
						],
						"radius": 15.0,
						"col": [
							0.994535505771637,
							0.9812366366386414,
							0.9401893019676208
						],
						"strength": 1.0
					}
				]
			},
			"TrafficLightPole1": {
				"mesh_filename": "props/TrafficLightPole1.fbx",
				"tex_filename": "props/traffic_light",
				"lights": []
			},
			"TrafficSignal1": {
				"mesh_filename": "props/TrafficSignal1.fbx",
				"tex_filename": "props/traffic_light",
				"lights": []
			}
		},
		"traffic_lights": {
			"TrafficLight": {
				"mast_prop": "TrafficLightPole1",
				"signal_prop": "TrafficSignal1",
				"mast_base": [
					0.0,
					0.0,
					5.699999809265137
				],
				"mast_dir": [
					-0.9968101978302002,
					0.0,
					0.07980858534574509
				]
			}
		},
		"networks": {
			"small road": {
				"road_class": 0,
				"width": 10.0,
				"sidewalkL": -2.799999952316284,
				"sidewalkR": 2.799999952316284,
				"lanes": [
					{
						"shift": 1.399999976158142,
						"width": 2.799999952316284,
						"direction": "FORWARD"
					},
					{
						"shift": -1.399999976158142,
						"width": 2.799999952316284,
						"direction": "BACKWARD"
					}
				],
				"line_markings": [
					{
						"type": "LINE",
						"shift": [
							0.0,
							0.0
						],
						"scale": [
							0.5,
							2.0
						]
					}
				],
				"streetlights": [
					{
						"shift": [
							4.849999904632568,
							0.0,
							0.0
						],
						"spacing": 15.0,
						"rot": 1.5707963705062866,
						"prop": "Streetlight1"
					}
				],
				"traffic_light_prop": "TrafficLight",
				"traffic_light_shift": [
					3.0999999046325684,
					0.20000000298023224
				],
				"speed_limit": 8.333333969116211
			},
			"medium road": {
				"road_class": 1,
				"width": 20.0,
				"sidewalkL": -7.0,
				"sidewalkR": 7.0,
				"lanes": [
					{
						"shift": 2.0,
						"width": 3.0,
						"direction": "FORWARD"
					},
					{
						"shift": 5.0,
						"width": 3.0,
						"direction": "FORWARD"
					},
					{
						"shift": -2.0,
						"width": 3.0,
						"direction": "BACKWARD"
					},
					{
						"shift": -5.0,
						"width": 3.0,
						"direction": "BACKWARD"
					}
				],
				"line_markings": [
					{
						"type": "STRIPED",
						"shift": [
							-3.5,
							0.0
						],
						"scale": [
							0.5,
							2.0
						]
					},
					{
						"type": "LINE",
						"shift": [
							0.0,
							0.0
						],
						"scale": [
							0.5,
							2.0
						]
					},
					{
						"type": "STRIPED",
						"shift": [
							3.5,
							0.0
						],
						"scale": [
							0.5,
							2.0
						]
					}
				],
				"streetlights": [
					{
						"shift": [
							-9.850000381469727,
							0.0,
							0.0
						],
						"spacing": 15.0,
						"rot": 4.71238899230957,
						"prop": "Streetlight1"
					},
					{
						"shift": [
							9.850000381469727,
							0.0,
							0.0
						],
						"spacing": 15.0,
						"rot": 1.5707963705062866,
						"prop": "Streetlight1"
					}
				],
				"traffic_light_prop": "TrafficLight",
				"traffic_light_shift": [
					7.599999904632568,
					0.5
				],
				"speed_limit": 13.88888931274414
			},
			"medium road asym": {
				"road_class": 1,
				"width": 20.0,
				"sidewalkL": -7.5,
				"sidewalkR": 7.5,
				"lanes": [
					{
						"shift": 0.0,
						"width": 3.0,
						"direction": "FORWARD"
					},
					{
						"shift": 3.0,
						"width": 3.0,
						"direction": "FORWARD"
					},
					{
						"shift": 6.0,
						"width": 3.0,
						"direction": "FORWARD"
					},
					{
						"shift": -3.0,
						"width": 3.0,
						"direction": "BACKWARD"
					},
					{
						"shift": -6.0,
						"width": 3.0,
						"direction": "BACKWARD"
					}
				],
				"line_markings": [
					{
						"type": "STRIPED",
						"shift": [
							-4.5,
							0.0
						],
						"scale": [
							0.5,
							2.0
						]
					},
					{
						"type": "LINE",
						"shift": [
							-1.5,
							0.0
						],
						"scale": [
							0.5,
							2.0
						]
					},
					{
						"type": "STRIPED",
						"shift": [
							1.5,
							0.0
						],
						"scale": [
							0.5,
							2.0
						]
					},
					{
						"type": "STRIPED",
						"shift": [
							4.5,
							0.0
						],
						"scale": [
							0.5,
							2.0
						]
					}
				],
				"streetlights": [
					{
						"shift": [
							-9.850000381469727,
							0.0,
							0.0
						],
						"spacing": 15.0,
						"rot": 4.71238899230957,
						"prop": "Streetlight1"
					},
					{
						"shift": [
							9.850000381469727,
							0.0,
							0.0
						],
						"spacing": 15.0,
						"rot": 1.5707963705062866,
						"prop": "Streetlight1"
					}
				],
				"traffic_light_prop": "TrafficLight",
				"traffic_light_shift": [
					8.100000381469727,
					0.800000011920929
				],
				"speed_limit": 13.88888931274414
			}
		},
		"buildings": {
			"house": {
				"mesh_filename": "buildings/house.fbx",
				"tex_filename": "buildings/house",
				"type": "RESIDENTIAL",
				"citizens": 3,
				"size": [
					16.0,
					7.0,
					16.0
				]
			},
			"urban_mixed_use": {
				"mesh_filename": "buildings/urban_mixed_use.fbx",
				"tex_filename": "buildings/house",
				"type": "RESIDENTIAL",
				"citizens": 20,
				"size": [
					16.0,
					7.0,
					16.0
				]
			}
		},
		"vehicles": {
			"limo": {
				"mesh_filename": "vehicles/limo.fbx",
				"tex_filename": "vehicles/car",
				"spawn_weight": 3.0
			},
			"small": {
				"mesh_filename": "vehicles/small.fbx",
				"tex_filename": "vehicles/car",
				"spawn_weight": 5.0
			},
			"combi": {
				"mesh_filename": "vehicles/combi.fbx",
				"tex_filename": "vehicles/car",
				"spawn_weight": 2.0
			},
			"smart": {
				"mesh_filename": "vehicles/smart.fbx",
				"tex_filename": "vehicles/car",
				"spawn_weight": 2.0
			},
			"SUV": {
				"mesh_filename": "vehicles/SUV.fbx",
				"tex_filename": "vehicles/car",
				"spawn_weight": 2.0
			},
			"van": {
				"mesh_filename": "vehicles/van.fbx",
				"tex_filename": "vehicles/car",
				"spawn_weight": 1.5
			},
			"bus": {
				"mesh_filename": "vehicles/bus.fbx",
				"tex_filename": "vehicles/bus",
				"spawn_weight": 0.5
			}
		}
	},
	"net": {
		"settings": {
			"car_accel": 4.5,
			"car_deccel": 5.0,
			"car_rear_drag_ratio": 0.4000000059604645,
			"intersec_heur": {
				"wait_boost_fac": 1.0,
				"progress_boost": 30.0,
				"exit_eta_penal": 10.0,
				"right_before_left_penal": 15.0,
				"conflict_eta_penal": 20.0,
				"yield_lane_penal": 50.0
			}
		}
	},
	"time_of_day": {
		"sun_azim": 1.5707963705062866,
		"sun_elev": 0.24434608221054077,
		"time_of_day": 0.6050000190734863,
		"day_speed": 0.01666666753590107,
		"day_pause": true
	},
	"sim_paused": false,
	"sim_speed": 3.0,
	"test": {
		"bez": {
			"a": [
				0.0,
				0.0
			],
			"b": [
				-0.03871142864227295,
				9.42855453491211
			],
			"c": [
				14.517308235168457,
				9.348137855529785
			]
		},
		"speed": 2.0
	},
	"test_map_builder": {
		"_grid_n": 20,
		"_persons_n": 600
	},
	"ogl_renderer": {
		"lighting": {
			"sun_col": [
				1.0,
				0.8479790091514587,
				0.520395815372467
			],
			"sky_col": [
				0.10149530321359634,
				0.276104599237442,
				0.6473130583763123
			],
			"fog_col": [
				0.22145269811153412,
				0.33112168312072754,
				0.503572404384613
			],
			"fog_base": 2.1800000467919745e-05,
			"fog_falloff": 0.00037399999564513564
		},
		"passes": {
			"renderscale": {
				"renderscale": 2.0,
				"nearest": false
			},
			"shadowmap": {
				"shadow_res": 2048,
				"cascades": 4,
				"cascade_factor": 2.5,
				"size": 128.0,