{
	"cam": {
		"orbit_pos": [
			8355.791015625,
			8272.7666015625,
			0.0
		],
		"zoom_target": -8.5,
		"rot_aer": [
			0.009772062301635742,
			-0.8391532301902771,
			0.0
		],
		"vfov": 0.8726646304130554,
		"clip_near": 0.25,
		"clip_far": 10000.0
	},
	"assets": {
		"buildings": [
			{
				"name": "house",
				"type": "residential",
				"citizens": 3,
				"size": [
					16.0,
					16.0,
					16.0
				]
			},
			{
				"name": "urban_mixed_use",
				"type": "commercial",
				"citizens": 20,
				"size": [
					16.0,
					16.0,
					16.0
				]
			}
		]
	}
}