{
	"cam": {
		"orbit_pos": [
			0.9862282276153564,
			36.23618698120117,
			0.0
		],
		"zoom_target": -6.75,
		"rot_aer": [
			0.007680416107177734,
			-0.9690053462982178,
			0.0
		],
		"vfov": 0.8726646304130554,
		"clip_near": 0.25,
		"clip_far": 10000.0
	},
	"assets": {
		"buildings": [
			{
				"name": "house",
				"type": "residential",
				"citizens": 3,
				"size": [
					16.0,
					16.0,
					16.0
				]
			},
			{
				"name": "urban_mixed_use",
				"type": "commercial",
				"citizens": 20,
				"size": [
					16.0,
					16.0,
					16.0
				]
			}
		]
	}
}