{
	"cam": {
		"orbit_pos": [
			17.201492309570313,
			33.66004943847656,
			0.0
		],
		"zoom_target": -7.5,
		"rot_aer": [
			0.009771585464477539,
			-1.5645132064819336,
			0.0
		],
		"vfov": 0.8726646304130554,
		"clip_near": 0.25,
		"clip_far": 10000.0
	},
	"assets": {
		"buildings": [
			{
				"name": "house",
				"type": "residential",
				"citizens": 3,
				"size": [
					16.0,
					16.0,
					16.0
				]
			},
			{
				"name": "urban_mixed_use",
				"type": "commercial",
				"citizens": 20,
				"size": [
					16.0,
					16.0,
					16.0
				]
			}
		]
	}
}