{
	"cam": {
		"orbit_pos": [
			8263.693359375,
			8266.2744140625,
			0.0
		],
		"zoom_target": -7.75,
		"rot_aer": [
			-0.006983757019042969,
			-1.0841971635818481,
			0.0
		],
		"vfov": 0.8726646304130554,
		"clip_near": 0.25,
		"clip_far": 10000.0
	},
	"assets": {
		"buildings": [
			{
				"name": "house",
				"size": [
					16.0,
					16.0,
					16.0
				]
			},
			{
				"name": "urban_mixed_use",
				"size": [
					16.0,
					16.0,
					16.0
				]
			}
		]
	}
}