{
	"cam": {
		"orbit_pos": [
			8501.44140625,
			8348.044921875,
			0.0
		],
		"zoom_target": -6.25,
		"rot_aer": [
			1.94917893409729,
			-0.6366972923278809,
			0.0
		],
		"vfov": 0.8726646304130554,
		"clip_near": 0.25,
		"clip_far": 10000.0
	},
	"assets": {
		"buildings": [
			{
				"name": "house",
				"type": "residential",
				"citizens": 3,
				"size": [
					16.0,
					16.0,
					16.0
				]
			},
			{
				"name": "urban_mixed_use",
				"type": "commercial",
				"citizens": 20,
				"size": [
					16.0,
					16.0,
					16.0
				]
			}
		]
	}
}