{
	"cam": {
		"orbit_pos": [
			8470.298828125,
			8316.5927734375,
			0.0
		],
		"zoom_target": -5.25,
		"rot_aer": [
			-1.5631217956542969,
			-1.4011503458023071,
			0.0
		],
		"vfov": 0.8726646304130554,
		"clip_near": 0.25,
		"clip_far": 10000.0
	},
	"assets": {
		"buildings": [
			{
				"name": "house",
				"type": "residential",
				"citizens": 3,
				"size": [
					16.0,
					16.0,
					16.0
				]
			},
			{
				"name": "urban_mixed_use",
				"type": "commercial",
				"citizens": 20,
				"size": [
					16.0,
					16.0,
					16.0
				]
			}
		]
	}
}