{
	"cam": {
		"orbit_pos": [
			12.954208374023438,
			32.23003387451172,
			0.0
		],
		"zoom_target": -7.5,
		"rot_aer": [
			0.024430036544799805,
			-1.376017689704895,
			0.0
		],
		"vfov": 0.8726646304130554,
		"clip_near": 0.25,
		"clip_far": 10000.0
	},
	"assets": {
		"buildings": [
			{
				"name": "house",
				"type": "residential",
				"citizens": 3,
				"size": [
					16.0,
					16.0,
					16.0
				]
			},
			{
				"name": "urban_mixed_use",
				"type": "commercial",
				"citizens": 20,
				"size": [
					16.0,
					16.0,
					16.0
				]
			}
		]
	}
}