{
	"cam": {
		"orbit_pos": [
			8413.4384765625,
			8320.5205078125,
			0.0
		],
		"zoom_target": -8.75,
		"rot_aer": [
			0.0034875869750976563,
			-1.1763498783111572,
			0.0
		],
		"vfov": 0.8726646304130554,
		"clip_near": 0.25,
		"clip_far": 10000.0
	},
	"assets": {
		"buildings": [
			{
				"name": "house",
				"type": "residential",
				"citizens": 3,
				"size": [
					16.0,
					16.0,
					16.0
				]
			},
			{
				"name": "urban_mixed_use",
				"type": "commercial",
				"citizens": 20,
				"size": [
					16.0,
					16.0,
					16.0
				]
			}
		]
	}
}