{
	"cam": {
		"orbit_pos": [
			29.494497299194336,
			40.91310501098633,
			0.0
		],
		"zoom_target": -7.5,
		"rot_aer": [
			0.005576372146606445,
			-0.9341006875038147,
			0.0
		],
		"vfov": 0.8726646304130554,
		"clip_near": 0.25,
		"clip_far": 10000.0
	},
	"assets": {
		"buildings": [
			{
				"name": "house",
				"type": "residential",
				"citizens": 3,
				"size": [
					16.0,
					16.0,
					16.0
				]
			},
			{
				"name": "urban_mixed_use",
				"type": "commercial",
				"citizens": 20,
				"size": [
					16.0,
					16.0,
					16.0
				]
			}
		]
	}
}