{
	"cam": {
		"orbit_pos": [
			998.5157470703125,
			402.1092834472656,
			0.0
		],
		"zoom_target": -4.75,
		"rot_aer": [
			0.7837789058685303,
			-0.2841404676437378,
			0.0
		],
		"vfov": 1.063578724861145,
		"clip_near": 0.25,
		"clip_far": 10000.0
	},
	"dbg_cam": {
		"pos": [
			982.1904907226563,
			415.3082275390625,
			9.115104675292969
		],
		"rot_aer": [
			-2.237372875213623,
			-0.4116976857185364,
			0.0
		],
		"vfov": 1.2217305898666382,
		"clip_near": 0.03125,
		"clip_far": 8192.0,
		"base_speed": 9.999999046325684,
		"max_speed": 1000000.0,
		"speedup_factor": 2.0,
		"fast_multiplier": 4.0,
		"planar": false
	},
	"assets": {
		"props": {
			"Streetlight1": {
				"mesh_filename": "props/Streetlight1.fbx",
				"tex_filename": "props/traffic_light",
				"lights": [
					{
						"pos": [
							2.6500000953674316,
							0.0,
							8.399999618530273
						],
						"dir": [
							0.27982836961746216,
							0.0,
							-0.960050106048584
						],
						"radius": 14.0,
						"cone": [
							0.6981317400932312,
							1.0471975803375244
						],
						"col": [
							0.9836065769195557,
							0.9501236081123352,
							0.8761085867881775
						],
						"strength": 0.6000000238418579
					}
				]
			},
			"TrafficLightPole1": {
				"mesh_filename": "props/TrafficLightPole1.fbx",
				"tex_filename": "props/traffic_light",
				"lights": []
			},
			"TrafficSignal1": {
				"mesh_filename": "props/TrafficSignal1.fbx",
				"tex_filename": "props/traffic_light",
				"lights": []
			},
			"Streetlight2": {
				"mesh_filename": "props/Streetlight1.fbx",
				"tex_filename": "props/traffic_light",
				"lights": [
					{
						"pos": [
							2.6500000953674316,
							0.0,
							8.399999618530273
						],
						"dir": [
							0.27982836961746216,
							0.0,
							-0.960050106048584
						],
						"radius": 17.0,
						"cone": [
							0.8726646304130554,
							1.3962634801864624
						],
						"col": [
							0.9490196108818054,
							0.9306302666664124,
							0.6364014148712158
						],
						"strength": 2.0
					}
				]
			}
		},
		"traffic_lights": {
			"TrafficLight": {
				"mast_prop": "TrafficLightPole1",
				"signal_prop": "TrafficSignal1",
				"mast_base": [
					0.0,
					0.0,
					5.699999809265137
				],
				"mast_dir": [
					-0.9968101978302002,
					0.0,
					0.07980858534574509
				]
			}
		},
		"networks": {
			"small road": {
				"road_class": 0,
				"width": 10.0,
				"sidewalkL": -2.799999952316284,
				"sidewalkR": 2.799999952316284,
				"lanes": [
					{
						"shift": 1.399999976158142,
						"width": 2.799999952316284,
						"direction": "FORWARD"
					},
					{
						"shift": -1.399999976158142,
						"width": 2.799999952316284,
						"direction": "BACKWARD"
					}
				],
				"line_markings": [
					{
						"type": "LINE",
						"shift": [
							0.0,
							0.0
						],
						"scale": [
							0.5,
							2.0
						]
					}
				],
				"streetlights": [
					{
						"shift": [
							4.849999904632568,
							0.0,
							0.0
						],
						"spacing": 15.0,
						"rot": 1.5707963705062866,
						"prop": "Streetlight1"
					}
				],
				"traffic_light_prop": "TrafficLight",
				"traffic_light_shift": [
					3.0999999046325684,
					0.20000000298023224
				],
				"speed_limit": 8.333333969116211
			},
			"medium road": {
				"road_class": 1,
				"width": 20.0,
				"sidewalkL": -7.0,
				"sidewalkR": 7.0,
				"lanes": [
					{
						"shift": 2.0,
						"width": 3.0,
						"direction": "FORWARD"
					},
					{
						"shift": 5.0,
						"width": 3.0,
						"direction": "FORWARD"
					},
					{
						"shift": -2.0,
						"width": 3.0,
						"direction": "BACKWARD"
					},
					{
						"shift": -5.0,
						"width": 3.0,
						"direction": "BACKWARD"
					}
				],
				"line_markings": [
					{
						"type": "STRIPED",
						"shift": [
							-3.5,
							0.0
						],
						"scale": [
							0.5,
							2.0
						]
					},
					{
						"type": "LINE",
						"shift": [
							0.0,
							0.0
						],
						"scale": [
							0.5,
							2.0
						]
					},
					{
						"type": "STRIPED",
						"shift": [
							3.5,
							0.0
						],
						"scale": [
							0.5,
							2.0
						]
					}
				],
				"streetlights": [
					{
						"shift": [
							-9.850000381469727,
							0.0,
							0.0
						],
						"spacing": 20.0,
						"rot": 4.71238899230957,
						"prop": "Streetlight2"
					},
					{
						"shift": [
							9.850000381469727,
							0.0,
							0.0
						],
						"spacing": 20.0,
						"rot": 1.5707963705062866,
						"prop": "Streetlight2"
					}
				],
				"traffic_light_prop": "TrafficLight",
				"traffic_light_shift": [
					7.599999904632568,
					0.5
				],
				"speed_limit": 13.88888931274414
			},
			"medium road asym": {
				"road_class": 1,
				"width": 20.0,
				"sidewalkL": -7.5,
				"sidewalkR": 7.5,
				"lanes": [
					{
						"shift": 0.0,
						"width": 3.0,
						"direction": "FORWARD"
					},
					{
						"shift": 3.0,
						"width": 3.0,
						"direction": "FORWARD"
					},
					{
						"shift": 6.0,
						"width": 3.0,
						"direction": "FORWARD"
					},
					{
						"shift": -3.0,
						"width": 3.0,
						"direction": "BACKWARD"
					},
					{
						"shift": -6.0,
						"width": 3.0,
						"direction": "BACKWARD"
					}
				],
				"line_markings": [
					{
						"type": "STRIPED",
						"shift": [
							-4.5,
							0.0
						],
						"scale": [
							0.5,
							2.0
						]
					},
					{
						"type": "LINE",
						"shift": [
							-1.5,
							0.0
						],
						"scale": [
							0.5,
							2.0
						]
					},
					{
						"type": "STRIPED",
						"shift": [
							1.5,
							0.0
						],
						"scale": [
							0.5,
							2.0
						]
					},
					{
						"type": "STRIPED",
						"shift": [
							4.5,
							0.0
						],
						"scale": [
							0.5,
							2.0
						]
					}
				],
				"streetlights": [
					{
						"shift": [
							-9.850000381469727,
							0.0,
							0.0
						],
						"spacing": 20.0,
						"rot": 4.71238899230957,
						"prop": "Streetlight2"
					},
					{
						"shift": [
							9.850000381469727,
							0.0,
							0.0
						],
						"spacing": 20.0,
						"rot": 1.5707963705062866,
						"prop": "Streetlight2"
					}
				],
				"traffic_light_prop": "TrafficLight",
				"traffic_light_shift": [
					8.100000381469727,
					0.800000011920929
				],
				"speed_limit": 13.88888931274414
			}
		},
		"buildings": {
			"house": {
				"mesh_filename": "buildings/house.fbx",
				"tex_filename": "buildings/house",
				"type": "RESIDENTIAL",
				"citizens": 3,
				"size": [
					16.0,
					7.0,
					16.0
				]
			},
			"urban_mixed_use": {
				"mesh_filename": "buildings/urban_mixed_use.fbx",
				"tex_filename": "buildings/house",
				"type": "RESIDENTIAL",
				"citizens": 20,
				"size": [
					16.0,
					7.0,
					16.0
				]
			}
		},
		"vehicles": {
			"limo": {
				"mesh_filename": "vehicles/limo.fbx",
				"tex_filename": "vehicles/car",
				"spawn_weight": 3.0
			},
			"small": {
				"mesh_filename": "vehicles/small.fbx",
				"tex_filename": "vehicles/car",
				"spawn_weight": 5.0
			},
			"combi": {
				"mesh_filename": "vehicles/combi.fbx",
				"tex_filename": "vehicles/car",
				"spawn_weight": 2.0
			},
			"smart": {
				"mesh_filename": "vehicles/smart.fbx",
				"tex_filename": "vehicles/car",
				"spawn_weight": 2.0
			},
			"SUV": {
				"mesh_filename": "vehicles/SUV.fbx",
				"tex_filename": "vehicles/car",
				"spawn_weight": 2.0
			},
			"van": {
				"mesh_filename": "vehicles/van.fbx",
				"tex_filename": "vehicles/car",
				"spawn_weight": 1.5
			},
			"bus": {
				"mesh_filename": "vehicles/bus.fbx",
				"tex_filename": "vehicles/bus",
				"spawn_weight": 0.5
			}
		}
	},
	"net": {
		"settings": {
			"car_accel": 4.5,
			"car_deccel": 5.0,
			"car_rear_drag_ratio": 0.4000000059604645,
			"intersec_heur": {
				"wait_boost_fac": 1.0,
				"progress_boost": 30.0,
				"exit_eta_penal": 10.0,
				"right_before_left_penal": 15.0,