{
	"cam": {
		"orbit_pos": [
			8428.0322265625,
			8345.083984375,
			0.0
		],
		"zoom_target": -9.0,
		"rot_aer": [
			0.01605844497680664,
			-1.0025155544281006,
			0.0
		],
		"vfov": 0.8726646304130554,
		"clip_near": 0.25,
		"clip_far": 10000.0
	},
	"assets": {
		"buildings": [
			{
				"name": "house",
				"type": "residential",
				"citizens": 3,
				"size": [
					16.0,
					16.0,
					16.0
				]
			},
			{
				"name": "urban_mixed_use",
				"type": "commercial",
				"citizens": 20,
				"size": [
					16.0,
					16.0,
					16.0
				]
			}
		]
	}
}