{
	"time": {
		"target_gamespeed": 4.0,
		"time_of_day": 0.17000000178813934,
		"day_duration": 432.0,
		"pause_day": true,
		"time_of_year": 0.3540000021457672,
		"year_duration": 1032.0,
		"pause_year": true,
		"planet_axial_tilt": 0.40910521149635315,
		"map_latitude": 0.8024849891662598,
		"map_rotation": 0.04173082485795021
	},
	"heightmap": {
		"inner": {
			"map_size": [
				16384,
				16384
			]
		},
		"outer": {
			"map_size": [
				131072,
				131072
			]
		},
		"height_min": -150.0,
		"height_range": 3276.75
	},
	"main_cam": {
		"orbit_pos": [
			380.0335693359375,
			429.2488098144531,
			-0.14999611675739288
		],
		"zoom_target": -5.5,
		"rot_aer": [
			1.1979048252105713,
			-0.7509064674377441,
			0.0
		],
		"vfov": 0.9352987408638,
		"clip_near": 0.25,
		"clip_far": 10000.0
	},
	"network": {
		"settings": {
			"car_accel": 4.5,
			"car_deccel": 5.0,
			"car_rear_drag_ratio": 0.4000000059604645,
			"intersec_heur": {
				"wait_boost_fac": 1.0,
				"progress_boost": 30.0,
				"exit_eta_penal": 10.0,
				"right_before_left_penal": 25.0,
				"conflict_eta_penal": 15.0,
				"yield_lane_penal": 50.0,
				"avoid_blocking_intersection": true
			},
			"suspension": {
				"max": [
					0.1745329201221466,
					0.10471975803375244,
					0.25
				],
				"spring_k": [
					50.0,
					50.0,
					50.0
				],
				"spring_damp": [
					5.0,
					5.0,
					5.0
				],
				"accel_fac": [
					0.20000000298023224,
					0.20000000298023224,
					0.20000000298023224
				]
			},
			"pathfinding": {
				"avoid_traffic_lights": 0.0
			}
		},
		"_stay_time": 5.0
	}
}